run,metric,pair,task0,task1,task2,task3,task4,task5,task6,task7,task8,task9,all
1,successes,pi0_all_black,7,8,9,7,9,3,6,0,5,0,54
1,path_dtw_cm,pi0_normal_vs_rerun,0.3,0.18,0.05,0.04,2.06,6.6,3.1,2.56,3.03,3.31,2.12
1,path_dtw_cm,pi0_all_black_vs_normal,2.56,2.68,2.75,2.47,2.27,6.02,3.12,10.92,3.77,7.8,4.44
1,path_dtw_cm,pi05_vs_pi0_normal,3.66,2.42,2.61,2.14,2.85,6.35,3.11,2.51,3.76,3.33,3.28
1,grasp_distance_cm,pi0_normal_vs_rerun,0.26,0.11,0.01,0.01,1.83,2.25,2.42,2.36,3.29,2.51,1.51
1,grasp_distance_cm,pi0_all_black_vs_normal,1.74,2.72,2.18,2.35,1.93,2.87,2.75,24.13,3.32,6.41,5.03
1,grasp_distance_cm,pi05_vs_pi0_normal,3.49,1.68,2.5,2.7,2.25,2.63,2.38,2.45,3.18,3.24,2.65
2,successes,pi0_all_black,7,8,9,7,7,4,7,0,4,1,54
2,path_dtw_cm,pi0_normal_vs_rerun,0.09,2.29,2.47,3.08,3.27,4.66,2.96,2.16,4.79,3.62,2.94
2,path_dtw_cm,pi0_all_black_vs_normal,2.63,3.46,2.87,2.31,5.64,6.59,2.53,10.28,4.22,4.89,4.54
2,path_dtw_cm,pi05_vs_pi0_normal,3.68,3.31,1.64,2.36,3.62,3.7,3.11,2.43,3.91,3.55,3.13
2,grasp_distance_cm,pi0_normal_vs_rerun,0.01,0.91,2.77,2.29,2.14,3.11,2.08,1.8,2.98,3.32,2.14
2,grasp_distance_cm,pi0_all_black_vs_normal,1.88,2.53,2.59,2.14,2.0,3.69,1.94,23.74,2.13,5.98,4.89
2,grasp_distance_cm,pi05_vs_pi0_normal,3.63,1.96,1.97,2.58,2.69,3.0,2.38,1.53,2.81,2.45,2.5
